seqName,SPS,time,iter,extendGap,struct_propre,openGap,vrac_mixte,struct_mixte,enf_mixte,helice_propre,enf_propre,helice_mixte
BB11008,0.15578947368421053,21.74867606163025,0,2.9,0.7,14.3,0.0,0.0,0.0,1.6,0.0,0.0
BB11003,0.40524193548387094,53.053566694259644,0,2.9,0.7,14.3,0.0,0.0,0.0,1.6,0.0,0.0
BB11004,0.40462143559488695,43.13407850265503,0,2.9,0.7,14.3,0.0,0.0,0.0,1.6,0.0,0.0
BB11010,0.03467082197117258,59.65791368484497,0,2.9,0.7,14.3,0.0,0.0,0.0,1.6,0.0,0.0
BB11009,0.054409005628517824,11.589031457901001,0,2.9,0.7,14.3,0.0,0.0,0.0,1.6,0.0,0.0
BB11002,0.08426966292134831,14.588024377822876,0,2.9,0.7,14.3,0.0,0.0,0.0,1.6,0.0,0.0
BB11008,0.0,22.590120792388916,1,2.9,2.0,14.3,0.0,0.0,0.0,2.3,0.0,0.0
BB11003,0.2955645161290323,53.15525150299072,1,2.9,2.0,14.3,0.0,0.0,0.0,2.3,0.0,0.0
BB11004,0.19370698131760078,42.39712715148926,1,2.9,2.0,14.3,0.0,0.0,0.0,2.3,0.0,0.0
BB11010,0.0218153486560187,59.76760125160217,1,2.9,2.0,14.3,0.0,0.0,0.0,2.3,0.0,0.0
BB11009,0.3433395872420263,11.002485752105713,1,2.9,2.0,14.3,0.0,0.0,0.0,2.3,0.0,0.0
BB11002,0.1133032694475761,15.999626874923706,1,2.9,2.0,14.3,0.0,0.0,0.0,2.3,0.0,0.0
BB11008,0.0,22.505234003067017,2,2.9,1.7,14.3,0.0,0.0,0.0,2.7,0.0,0.0
BB11003,0.24667472793228537,53.654576539993286,2,2.9,1.7,14.3,0.0,0.0,0.0,2.7,0.0,0.0
BB11004,0.19380226266601083,42.36909508705139,2,2.9,1.7,14.3,0.0,0.0,0.0,2.7,0.0,0.0
BB11010,0.02103622906116089,59.77651238441467,2,2.9,1.7,14.3,0.0,0.0,0.0,2.7,0.0,0.0
BB11009,0.40337711069418386,11.128384351730347,2,2.9,1.7,14.3,0.0,0.0,0.0,2.7,0.0,0.0
BB11002,0.08038223721191681,15.509952545166016,2,2.9,1.7,14.3,0.0,0.0,0.0,2.7,0.0,0.0
BB11008,0.0,22.62338662147522,3,2.9,2.0,14.3,0.0,0.0,0.0,1.9,0.0,0.0
BB11003,0.425,53.40389680862427,3,2.9,2.0,14.3,0.0,0.0,0.0,1.9,0.0,0.0
BB11004,0.23315297589768816,42.62054228782654,3,2.9,2.0,14.3,0.0,0.0,0.0,1.9,0.0,0.0
BB11010,0.0218153486560187,59.36981272697449,3,2.9,2.0,14.3,0.0,0.0,0.0,1.9,0.0,0.0
BB11009,0.3302063789868668,11.034931421279907,3,2.9,2.0,14.3,0.0,0.0,0.0,1.9,0.0,0.0
BB11002,0.03653738055087127,16.138259649276733,3,2.9,2.0,14.3,0.0,0.0,0.0,1.9,0.0,0.0
BB11008,0.0,22.56670355796814,4,2.9,1.4,14.3,0.0,0.0,0.0,2.7,0.0,0.0
BB11003,0.2814516129032258,53.19216179847717,4,2.9,1.4,14.3,0.0,0.0,0.0,2.7,0.0,0.0
BB11004,0.1927236971484759,42.38910126686096,4,2.9,1.4,14.3,0.0,0.0,0.0,2.7,0.0,0.0
BB11010,0.025710946630307752,59.65519165992737,4,2.9,1.4,14.3,0.0,0.0,0.0,2.7,0.0,0.0
BB11009,0.3921200750469043,11.049304485321045,4,2.9,1.4,14.3,0.0,0.0,0.0,2.7,0.0,0.0
BB11002,0.06460674157303371,15.634635925292969,4,2.9,1.4,14.3,0.0,0.0,0.0,2.7,0.0,0.0
BB11008,0.0,22.566735982894897,5,2.9,1.9,14.3,0.0,0.0,0.0,1.5,0.0,0.0
BB11003,0.3528225806451613,52.988067865371704,5,2.9,1.9,14.3,0.0,0.0,0.0,1.5,0.0,0.0
BB11004,0.24003935071323168,42.60615873336792,5,2.9,1.9,14.3,0.0,0.0,0.0,1.5,0.0,0.0
BB11010,0.01012855473315154,59.78994178771973,5,2.9,1.9,14.3,0.0,0.0,0.0,1.5,0.0,0.0
BB11009,0.3395872420262664,11.104681730270386,5,2.9,1.9,14.3,0.0,0.0,0.0,1.5,0.0,0.0
BB11002,0.14510686164229472,15.530129432678223,5,2.9,1.9,14.3,0.0,0.0,0.0,1.5,0.0,0.0
BB11008,0.0,22.77069330215454,6,2.9,1.5,14.3,0.0,0.0,0.0,2.7,0.0,0.0
BB11003,0.275,53.39738941192627,6,2.9,1.5,14.3,0.0,0.0,0.0,2.7,0.0,0.0
BB11004,0.19380226266601083,42.47077465057373,6,2.9,1.5,14.3,0.0,0.0,0.0,2.7,0.0,0.0
BB11010,0.02103622906116089,60.00414252281189,6,2.9,1.5,14.3,0.0,0.0,0.0,2.7,0.0,0.0
BB11009,0.32645403377110693,11.092453479766846,6,2.9,1.5,14.3,0.0,0.0,0.0,2.7,0.0,0.0
BB11002,0.11943661971830986,15.589775323867798,6,2.9,1.5,14.3,0.0,0.0,0.0,2.7,0.0,0.0
BB11008,0.04842105263157895,22.506508350372314,7,2.9,0.0,14.3,0.0,0.0,0.0,2.9,0.0,0.0
BB11003,0.39919354838709675,53.857866048812866,7,2.9,0.0,14.3,0.0,0.0,0.0,2.9,0.0,0.0
BB11004,0.40658800393313665,43.564199447631836,7,2.9,0.0,14.3,0.0,0.0,0.0,2.9,0.0,0.0
BB11010,0.08998831320607713,60.100231647491455,7,2.9,0.0,14.3,0.0,0.0,0.0,2.9,0.0,0.0
BB11009,0.34709193245778613,11.496600151062012,7,2.9,0.0,14.3,0.0,0.0,0.0,2.9,0.0,0.0
BB11002,0.1,14.672791004180908,7,2.9,0.0,14.3,0.0,0.0,0.0,2.9,0.0,0.0
BB11008,0.0,22.731847286224365,8,2.9,2.8,14.3,0.0,0.0,0.0,2.5,0.0,0.0
BB11003,0.021396851029471135,53.26169466972351,8,2.9,2.8,14.3,0.0,0.0,0.0,2.5,0.0,0.0
BB11004,0.18986719134284308,43.24511694908142,8,2.9,2.8,14.3,0.0,0.0,0.0,2.5,0.0,0.0
BB11010,0.02337358784573432,60.728440284729004,8,2.9,2.8,14.3,0.0,0.0,0.0,2.5,0.0,0.0
BB11009,0.20676691729323307,11.458668947219849,8,2.9,2.8,14.3,0.0,0.0,0.0,2.5,0.0,0.0
BB11002,0.027543563799887576,16.161643266677856,8,2.9,2.8,14.3,0.0,0.0,0.0,2.5,0.0,0.0
BB11008,0.0,22.605977773666382,9,2.9,2.5,14.3,0.0,0.0,0.0,2.2,0.0,0.0
BB11003,0.026645135244247074,52.93946027755737,9,2.9,2.5,14.3,0.0,0.0,0.0,2.2,0.0,0.0
BB11004,0.20019675356615838,43.026299238204956,9,2.9,2.5,14.3,0.0,0.0,0.0,2.2,0.0,0.0
BB11010,0.02337358784573432,59.73287224769592,9,2.9,2.5,14.3,0.0,0.0,0.0,2.2,0.0,0.0
BB11009,0.20676691729323307,11.179219961166382,9,2.9,2.5,14.3,0.0,0.0,0.0,2.2,0.0,0.0
BB11002,0.08121827411167512,16.346991539001465,9,2.9,2.5,14.3,0.0,0.0,0.0,2.2,0.0,0.0
BB11008,0.008421052631578947,22.617273569107056,10,2.9,2.7,14.3,0.0,0.0,0.0,1.1,0.0,0.0
BB11003,0.36129032258064514,54.5371572971344,10,2.9,2.7,14.3,0.0,0.0,0.0,1.1,0.0,0.0
BB11004,0.13681102362204725,43.069318771362305,10,2.9,2.7,14.3,0.0,0.0,0.0,1.1,0.0,0.0
BB11010,0.026100506427736658,59.302318811416626,10,2.9,2.7,14.3,0.0,0.0,0.0,1.1,0.0,0.0
BB11009,0.34022556390977443,11.288118124008179,10,2.9,2.7,14.3,0.0,0.0,0.0,1.1,0.0,0.0
BB11002,0.07195053400786959,16.027862310409546,10,2.9,2.7,14.3,0.0,0.0,0.0,1.1,0.0,0.0
BB11008,0.0,22.699068069458008,11,2.9,0.2,14.3,0.0,0.0,0.0,2.4,0.0,0.0
BB11003,0.12595882115462254,53.49367570877075,11,2.9,0.2,14.3,0.0,0.0,0.0,2.4,0.0,0.0
BB11004,0.18445646827348747,42.13047981262207,11,2.9,0.2,14.3,0.0,0.0,0.0,2.4,0.0,0.0
BB11010,0.008570315543435918,59.382272243499756,11,2.9,0.2,14.3,0.0,0.0,0.0,2.4,0.0,0.0
BB11009,0.37523452157598497,11.398944854736328,11,2.9,0.2,14.3,0.0,0.0,0.0,2.4,0.0,0.0
BB11002,0.11298482293423272,14.838146448135376,11,2.9,0.2,14.3,0.0,0.0,0.0,2.4,0.0,0.0
BB11008,0.15578947368421053,21.436556577682495,12,2.9,0.8,14.3,0.0,0.0,0.0,1.4,0.0,0.0
BB11003,0.3919354838709677,53.0601441860199,12,2.9,0.8,14.3,0.0,0.0,0.0,1.4,0.0,0.0
BB11004,0.408062930186824,43.12858033180237,12,2.9,0.8,14.3,0.0,0.0,0.0,1.4,0.0,0.0
BB11010,0.03428126217374367,59.62088370323181,12,2.9,0.8,14.3,0.0,0.0,0.0,1.4,0.0,0.0
BB11009,0.0600375234521576,11.621118307113647,12,2.9,0.8,14.3,0.0,0.0,0.0,1.4,0.0,0.0
BB11002,0.0893760539629005,14.656944036483765,12,2.9,0.8,14.3,0.0,0.0,0.0,1.4,0.0,0.0
BB11008,0.0,22.689866304397583,13,2.9,3.0,14.3,0.0,0.0,0.0,2.2,0.0,0.0
BB11003,0.026645135244247074,53.012574672698975,13,2.9,3.0,14.3,0.0,0.0,0.0,2.2,0.0,0.0
BB11004,0.18888342351205115,43.1175491809845,13,2.9,3.0,14.3,0.0,0.0,0.0,2.2,0.0,0.0
BB11010,0.02337358784573432,59.4887797832489,13,2.9,3.0,14.3,0.0,0.0,0.0,2.2,0.0,0.0
BB11009,0.20676691729323307,11.100284099578857,13,2.9,3.0,14.3,0.0,0.0,0.0,2.2,0.0,0.0
BB11002,0.05885650224215247,16.262810707092285,13,2.9,3.0,14.3,0.0,0.0,0.0,2.2,0.0,0.0
BB11008,0.0,22.573978424072266,14,2.9,2.8,14.3,0.0,0.0,0.0,2.2,0.0,0.0
BB11003,0.03794913201453371,52.48820352554321,14,2.9,2.8,14.3,0.0,0.0,0.0,2.2,0.0,0.0
BB11004,0.18199704869650762,42.78965425491333,14,2.9,2.8,14.3,0.0,0.0,0.0,2.2,0.0,0.0
BB11010,0.02337358784573432,59.37579822540283,14,2.9,2.8,14.3,0.0,0.0,0.0,2.2,0.0,0.0
BB11009,0.2236842105263158,11.09850811958313,14,2.9,2.8,14.3,0.0,0.0,0.0,2.2,0.0,0.0
BB11002,0.039910061832490164,15.854341745376587,14,2.9,2.8,14.3,0.0,0.0,0.0,2.2,0.0,0.0
BB11008,0.008421052631578947,22.4399094581604,15,2.9,1.6,14.3,0.0,0.0,0.0,1.1,0.0,0.0
BB11003,0.43185483870967745,52.833853244781494,15,2.9,1.6,14.3,0.0,0.0,0.0,1.1,0.0,0.0
BB11004,0.23118544023610427,42.70387101173401,15,2.9,1.6,14.3,0.0,0.0,0.0,1.1,0.0,0.0
BB11010,0.04596805609661083,59.25402569770813,15,2.9,1.6,14.3,0.0,0.0,0.0,1.1,0.0,0.0
BB11009,0.33771106941838647,11.056268692016602,15,2.9,1.6,14.3,0.0,0.0,0.0,1.1,0.0,0.0
BB11002,0.09577464788732394,15.693170309066772,15,2.9,1.6,14.3,0.0,0.0,0.0,1.1,0.0,0.0
BB11008,0.0,22.51331353187561,16,2.9,1.7,14.3,0.0,0.0,0.0,2.6,0.0,0.0
BB11003,0.2599758162031439,53.356507539749146,16,2.9,1.7,14.3,0.0,0.0,0.0,2.6,0.0,0.0
BB11004,0.20068863748155436,42.79657554626465,16,2.9,1.7,14.3,0.0,0.0,0.0,2.6,0.0,0.0
BB11010,0.025710946630307752,59.467989444732666,16,2.9,1.7,14.3,0.0,0.0,0.0,2.6,0.0,0.0
BB11009,0.40337711069418386,11.021963596343994,16,2.9,1.7,14.3,0.0,0.0,0.0,2.6,0.0,0.0
BB11002,0.07791479820627803,15.390432357788086,16,2.9,1.7,14.3,0.0,0.0,0.0,2.6,0.0,0.0
BB11008,0.0,22.417808532714844,17,2.9,1.7,14.3,0.0,0.0,0.0,2.3,0.0,0.0
BB11003,0.4443548387096774,52.9801766872406,17,2.9,1.7,14.3,0.0,0.0,0.0,2.3,0.0,0.0
BB11004,0.14953271028037382,42.330448389053345,17,2.9,1.7,14.3,0.0,0.0,0.0,2.3,0.0,0.0
BB11010,0.02415270744059213,59.375261068344116,17,2.9,1.7,14.3,0.0,0.0,0.0,2.3,0.0,0.0
BB11009,0.3921200750469043,11.069103479385376,17,2.9,1.7,14.3,0.0,0.0,0.0,2.3,0.0,0.0
BB11002,0.051685393258426963,15.623158931732178,17,2.9,1.7,14.3,0.0,0.0,0.0,2.3,0.0,0.0
BB11008,0.0,22.316221952438354,18,2.9,1.9,14.3,0.0,0.0,0.0,2.4,0.0,0.0
BB11003,0.2543329302700524,53.17807364463806,18,2.9,1.9,14.3,0.0,0.0,0.0,2.4,0.0,0.0
BB11004,0.19370698131760078,41.99879431724548,18,2.9,1.9,14.3,0.0,0.0,0.0,2.4,0.0,0.0
BB11010,0.0218153486560187,59.431026220321655,18,2.9,1.9,14.3,0.0,0.0,0.0,2.4,0.0,0.0
BB11009,0.40337711069418386,11.139740705490112,18,2.9,1.9,14.3,0.0,0.0,0.0,2.4,0.0,0.0
BB11002,0.08038223721191681,15.360068559646606,18,2.9,1.9,14.3,0.0,0.0,0.0,2.4,0.0,0.0
BB11008,0.018947368421052633,22.326727390289307,19,2.9,0.4,14.3,0.0,0.0,0.0,2.6,0.0,0.0
BB11003,0.37056451612903224,53.09230637550354,19,2.9,0.4,14.3,0.0,0.0,0.0,2.6,0.0,0.0
BB11004,0.3952802359882006,42.954805850982666,19,2.9,0.4,14.3,0.0,0.0,0.0,2.6,0.0,0.0
BB11010,0.03428126217374367,59.202131509780884,19,2.9,0.4,14.3,0.0,0.0,0.0,2.6,0.0,0.0
BB11009,0.34709193245778613,11.524987697601318,19,2.9,0.4,14.3,0.0,0.0,0.0,2.6,0.0,0.0
BB11002,0.08876404494382023,14.559696912765503,19,2.9,0.4,14.3,0.0,0.0,0.0,2.6,0.0,0.0
BB11008,0.008421052631578947,22.343662977218628,20,2.9,2.2,14.3,0.0,0.0,0.0,1.1,0.0,0.0
BB11003,0.3536290322580645,52.702648401260376,20,2.9,2.2,14.3,0.0,0.0,0.0,1.1,0.0,0.0
BB11004,0.27594687653713723,42.597994565963745,20,2.9,2.2,14.3,0.0,0.0,0.0,1.1,0.0,0.0
BB11010,0.05414881184261784,58.92916560173035,20,2.9,2.2,14.3,0.0,0.0,0.0,1.1,0.0,0.0
BB11009,0.3921200750469043,10.95295786857605,20,2.9,2.2,14.3,0.0,0.0,0.0,1.1,0.0,0.0
BB11002,0.11555806087936867,15.883031368255615,20,2.9,2.2,14.3,0.0,0.0,0.0,1.1,0.0,0.0
BB11008,0.0,22.236977100372314,21,2.9,2.5,14.3,0.0,0.0,0.0,3.0,0.0,0.0
BB11003,0.009689140088817117,52.544405460357666,21,2.9,2.5,14.3,0.0,0.0,0.0,3.0,0.0,0.0
BB11004,0.20363994097393015,43.02593445777893,21,2.9,2.5,14.3,0.0,0.0,0.0,3.0,0.0,0.0
BB11010,0.02337358784573432,59.92280983924866,21,2.9,2.5,14.3,0.0,0.0,0.0,3.0,0.0,0.0
BB11009,0.20676691729323307,11.248931646347046,21,2.9,2.5,14.3,0.0,0.0,0.0,3.0,0.0,0.0
BB11002,0.022046353872244205,16.54317355155945,21,2.9,2.5,14.3,0.0,0.0,0.0,3.0,0.0,0.0
BB11008,0.0,23.84806776046753,22,2.9,2.0,14.3,0.0,0.0,0.0,3.0,0.0,0.0
BB11003,0.021396851029471135,51.98252463340759,22,2.9,2.0,14.3,0.0,0.0,0.0,3.0,0.0,0.0
BB11004,0.18150516478111164,45.350932598114014,22,2.9,2.0,14.3,0.0,0.0,0.0,3.0,0.0,0.0
BB11010,0.0218153486560187,61.855658531188965,22,2.9,2.0,14.3,0.0,0.0,0.0,3.0,0.0,0.0
BB11009,0.21804511278195488,11.462782144546509,22,2.9,2.0,14.3,0.0,0.0,0.0,3.0,0.0,0.0
BB11002,0.08258426966292134,15.687297344207764,22,2.9,2.0,14.3,0.0,0.0,0.0,3.0,0.0,0.0
BB11008,0.15578947368421053,21.125627279281616,23,2.9,0.5,14.3,0.0,0.0,0.0,1.4,0.0,0.0
BB11003,0.36733870967741933,51.7712619304657,23,2.9,0.5,14.3,0.0,0.0,0.0,1.4,0.0,0.0
BB11004,0.3777668470241023,42.357179403305054,23,2.9,0.5,14.3,0.0,0.0,0.0,1.4,0.0,0.0
BB11010,0.03467082197117258,57.95473051071167,23,2.9,0.5,14.3,0.0,0.0,0.0,1.4,0.0,0.0
BB11009,0.3921200750469043,11.097774267196655,23,2.9,0.5,14.3,0.0,0.0,0.0,1.4,0.0,0.0
BB11002,0.08759124087591241,14.290313243865967,23,2.9,0.5,14.3,0.0,0.0,0.0,1.4,0.0,0.0
BB11008,0.04842105263157895,21.952570915222168,24,2.9,0.0,14.3,0.0,0.0,0.0,2.1,0.0,0.0
BB11003,0.39919354838709675,52.486860275268555,24,2.9,0.0,14.3,0.0,0.0,0.0,2.1,0.0,0.0
BB11004,0.40658800393313665,42.230161905288696,24,2.9,0.0,14.3,0.0,0.0,0.0,2.1,0.0,0.0
BB11010,0.08998831320607713,58.2515652179718,24,2.9,0.0,14.3,0.0,0.0,0.0,2.1,0.0,0.0
BB11009,0.34709193245778613,11.177888631820679,24,2.9,0.0,14.3,0.0,0.0,0.0,2.1,0.0,0.0
BB11002,0.1,14.378390312194824,24,2.9,0.0,14.3,0.0,0.0,0.0,2.1,0.0,0.0
BB11008,0.0,21.968940496444702,25,2.9,2.1,14.3,0.0,0.0,0.0,1.5,0.0,0.0
BB11003,0.4181451612903226,52.13028049468994,25,2.9,2.1,14.3,0.0,0.0,0.0,1.5,0.0,0.0
BB11004,0.19626168224299065,41.88258504867554,25,2.9,2.1,14.3,0.0,0.0,0.0,1.5,0.0,0.0
BB11010,0.014803272302298403,58.89990973472595,25,2.9,2.1,14.3,0.0,0.0,0.0,1.5,0.0,0.0
BB11009,0.40337711069418386,10.802065134048462,25,2.9,2.1,14.3,0.0,0.0,0.0,1.5,0.0,0.0
BB11002,0.02249718785151856,15.51883316040039,25,2.9,2.1,14.3,0.0,0.0,0.0,1.5,0.0,0.0
BB11008,0.008421052631578947,21.98817205429077,26,2.9,0.4,14.3,0.0,0.0,0.0,2.1,0.0,0.0
BB11003,0.40403225806451615,51.921509742736816,26,2.9,0.4,14.3,0.0,0.0,0.0,2.1,0.0,0.0
BB11004,0.2690605017215937,41.88868260383606,26,2.9,0.4,14.3,0.0,0.0,0.0,2.1,0.0,0.0
BB11010,0.03506038176860148,58.174867391586304,26,2.9,0.4,14.3,0.0,0.0,0.0,2.1,0.0,0.0
BB11009,0.3921200750469043,11.154324293136597,26,2.9,0.4,14.3,0.0,0.0,0.0,2.1,0.0,0.0
BB11002,0.08263069139966273,14.335828304290771,26,2.9,0.4,14.3,0.0,0.0,0.0,2.1,0.0,0.0
BB11008,0.15578947368421053,20.82255244255066,27,2.9,0.5,14.3,0.0,0.0,0.0,2.9,0.0,0.0
BB11003,0.4157258064516129,51.68551778793335,27,2.9,0.5,14.3,0.0,0.0,0.0,2.9,0.0,0.0
BB11004,0.3893805309734513,42.05813813209534,27,2.9,0.5,14.3,0.0,0.0,0.0,2.9,0.0,0.0
BB11010,0.07440592130892092,58.13827466964722,27,2.9,0.5,14.3,0.0,0.0,0.0,2.9,0.0,0.0
BB11009,0.36585365853658536,11.686310768127441,27,2.9,0.5,14.3,0.0,0.0,0.0,2.9,0.0,0.0
BB11002,0.09769792251544077,14.345460891723633,27,2.9,0.5,14.3,0.0,0.0,0.0,2.9,0.0,0.0
BB11008,0.0,22.32099986076355,28,2.9,1.2,14.3,0.0,0.0,0.0,2.8,0.0,0.0
BB11003,0.4157258064516129,52.04649782180786,28,2.9,1.2,14.3,0.0,0.0,0.0,2.8,0.0,0.0
BB11004,0.24249877029021152,41.71445560455322,28,2.9,1.2,14.3,0.0,0.0,0.0,2.8,0.0,0.0
BB11010,0.0218153486560187,61.51412558555603,28,2.9,1.2,14.3,0.0,0.0,0.0,2.8,0.0,0.0
BB11009,0.3921200750469043,11.145322561264038,28,2.9,1.2,14.3,0.0,0.0,0.0,2.8,0.0,0.0
BB11002,0.10985915492957747,15.322576761245728,28,2.9,1.2,14.3,0.0,0.0,0.0,2.8,0.0,0.0
BB11008,0.008421052631578947,22.363099813461304,29,2.9,1.7,14.3,0.0,0.0,0.0,1.0,0.0,0.0
BB11003,0.4165322580645161,52.634397983551025,29,2.9,1.7,14.3,0.0,0.0,0.0,1.0,0.0,0.0
BB11004,0.2720118052139695,43.67260813713074,29,2.9,1.7,14.3,0.0,0.0,0.0,1.0,0.0,0.0
BB11010,0.044799376704324115,59.290091037750244,29,2.9,1.7,14.3,0.0,0.0,0.0,1.0,0.0,0.0
BB11009,0.33771106941838647,10.955095291137695,29,2.9,1.7,14.3,0.0,0.0,0.0,1.0,0.0,0.0
BB11002,0.0923943661971831,15.410935878753662,29,2.9,1.7,14.3,0.0,0.0,0.0,1.0,0.0,0.0
BB11008,0.0,22.539618968963623,30,2.9,1.7,14.3,0.0,0.0,0.0,2.7,0.0,0.0
BB11003,0.24667472793228537,52.15914964675903,30,2.9,1.7,14.3,0.0,0.0,0.0,2.7,0.0,0.0
BB11004,0.19380226266601083,41.2978241443634,30,2.9,1.7,14.3,0.0,0.0,0.0,2.7,0.0,0.0
BB11010,0.02103622906116089,58.43369698524475,30,2.9,1.7,14.3,0.0,0.0,0.0,2.7,0.0,0.0
BB11009,0.40337711069418386,10.607351779937744,30,2.9,1.7,14.3,0.0,0.0,0.0,2.7,0.0,0.0
BB11002,0.08038223721191681,14.771844387054443,30,2.9,1.7,14.3,0.0,0.0,0.0,2.7,0.0,0.0
BB11008,0.0,21.791983127593994,31,2.9,2.8,14.3,0.0,0.0,0.0,2.7,0.0,0.0
BB11003,0.029874848607186113,51.616244316101074,31,2.9,2.8,14.3,0.0,0.0,0.0,2.7,0.0,0.0
BB11004,0.21249385145105756,43.67544198036194,31,2.9,2.8,14.3,0.0,0.0,0.0,2.7,0.0,0.0
BB11010,0.02337358784573432,58.03834295272827,31,2.9,2.8,14.3,0.0,0.0,0.0,2.7,0.0,0.0
BB11009,0.21804511278195488,10.630201578140259,31,2.9,2.8,14.3,0.0,0.0,0.0,2.7,0.0,0.0
BB11002,0.02593010146561443,15.811749458312988,31,2.9,2.8,14.3,0.0,0.0,0.0,2.7,0.0,0.0
BB11008,0.0,21.793869972229004,32,2.9,2.9,14.3,0.0,0.0,0.0,1.9,0.0,0.0
BB11003,0.020185708518368994,50.85309410095215,32,2.9,2.9,14.3,0.0,0.0,0.0,1.9,0.0,0.0
BB11004,0.20806689621249386,42.059746742248535,32,2.9,2.9,14.3,0.0,0.0,0.0,1.9,0.0,0.0
BB11010,0.009738994935722634,58.52549457550049,32,2.9,2.9,14.3,0.0,0.0,0.0,1.9,0.0,0.0
BB11009,0.231203007518797,10.600244760513306,32,2.9,2.9,14.3,0.0,0.0,0.0,1.9,0.0,0.0
BB11002,0.07050197405527354,15.647421836853027,32,2.9,2.9,14.3,0.0,0.0,0.0,1.9,0.0,0.0
BB11008,0.15578947368421053,20.648245096206665,33,2.9,0.6,14.3,0.0,0.0,0.0,1.5,0.0,0.0
BB11003,0.3967741935483871,52.94371843338013,33,2.9,0.6,14.3,0.0,0.0,0.0,1.5,0.0,0.0
BB11004,0.3694048204623709,42.64523410797119,33,2.9,0.6,14.3,0.0,0.0,0.0,1.5,0.0,0.0
BB11010,0.038955979742890535,59.35837244987488,33,2.9,0.6,14.3,0.0,0.0,0.0,1.5,0.0,0.0
BB11009,0.3921200750469043,11.396557807922363,33,2.9,0.6,14.3,0.0,0.0,0.0,1.5,0.0,0.0
BB11002,0.09668353007307476,14.61095929145813,33,2.9,0.6,14.3,0.0,0.0,0.0,1.5,0.0,0.0
BB11008,0.0,22.049557209014893,34,2.9,2.8,14.3,0.0,0.0,0.0,1.5,0.0,0.0
BB11003,0.13640032284100082,51.729628801345825,34,2.9,2.8,14.3,0.0,0.0,0.0,1.5,0.0,0.0
BB11004,0.22479094933595672,41.12393569946289,34,2.9,2.8,14.3,0.0,0.0,0.0,1.5,0.0,0.0
BB11010,0.008180755746007013,56.43047070503235,34,2.9,2.8,14.3,0.0,0.0,0.0,1.5,0.0,0.0
BB11009,0.20864661654135339,10.74992847442627,34,2.9,2.8,14.3,0.0,0.0,0.0,1.5,0.0,0.0
BB11002,0.08347433728144388,15.981067657470703,34,2.9,2.8,14.3,0.0,0.0,0.0,1.5,0.0,0.0
BB11008,0.0,21.746697664260864,35,2.9,1.3,14.3,0.0,0.0,0.0,2.5,0.0,0.0
BB11003,0.432258064516129,52.44111442565918,35,2.9,1.3,14.3,0.0,0.0,0.0,2.5,0.0,0.0
BB11004,0.14953271028037382,41.15328621864319,35,2.9,1.3,14.3,0.0,0.0,0.0,2.5,0.0,0.0
BB11010,0.01675107128944293,57.516257524490356,35,2.9,1.3,14.3,0.0,0.0,0.0,2.5,0.0,0.0
BB11009,0.3921200750469043,10.650651693344116,35,2.9,1.3,14.3,0.0,0.0,0.0,2.5,0.0,0.0
BB11002,0.10985915492957747,15.048168897628784,35,2.9,1.3,14.3,0.0,0.0,0.0,2.5,0.0,0.0
BB11008,0.14421052631578948,21.79568576812744,36,2.9,0.7,14.3,0.0,0.0,0.0,2.1,0.0,0.0
BB11003,0.40080645161290324,50.67732071876526,36,2.9,0.7,14.3,0.0,0.0,0.0,2.1,0.0,0.0
BB11004,0.42252828332513526,41.13934803009033,36,2.9,0.7,14.3,0.0,0.0,0.0,2.1,0.0,0.0
BB11010,0.044020257109466304,58.38626766204834,36,2.9,0.7,14.3,0.0,0.0,0.0,2.1,0.0,0.0
BB11009,0.3921200750469043,10.724742412567139,36,2.9,0.7,14.3,0.0,0.0,0.0,2.1,0.0,0.0
BB11002,0.055025266704098824,15.000830173492432,36,2.9,0.7,14.3,0.0,0.0,0.0,2.1,0.0,0.0
BB11008,0.15578947368421053,20.672929286956787,37,2.9,0.8,14.3,0.0,0.0,0.0,1.4,0.0,0.0
BB11003,0.3919354838709677,51.127981185913086,37,2.9,0.8,14.3,0.0,0.0,0.0,1.4,0.0,0.0
BB11004,0.408062930186824,41.62040901184082,37,2.9,0.8,14.3,0.0,0.0,0.0,1.4,0.0,0.0
BB11010,0.03428126217374367,56.55958080291748,37,2.9,0.8,14.3,0.0,0.0,0.0,1.4,0.0,0.0
BB11009,0.0600375234521576,10.987990140914917,37,2.9,0.8,14.3,0.0,0.0,0.0,1.4,0.0,0.0
BB11002,0.0893760539629005,14.182436227798462,37,2.9,0.8,14.3,0.0,0.0,0.0,1.4,0.0,0.0
BB11008,0.0,21.746618270874023,38,2.9,2.3,14.3,0.0,0.0,0.0,1.7,0.0,0.0
BB11003,0.264006449012495,51.54199838638306,38,2.9,2.3,14.3,0.0,0.0,0.0,1.7,0.0,0.0
BB11004,0.19429414658140678,41.22160196304321,38,2.9,2.3,14.3,0.0,0.0,0.0,1.7,0.0,0.0
BB11010,0.019477989871445268,57.242356061935425,38,2.9,2.3,14.3,0.0,0.0,0.0,1.7,0.0,0.0
BB11009,0.20488721804511278,10.824136734008789,38,2.9,2.3,14.3,0.0,0.0,0.0,1.7,0.0,0.0
BB11002,0.0823463056965595,15.77113962173462,38,2.9,2.3,14.3,0.0,0.0,0.0,1.7,0.0,0.0
BB11008,0.0,21.80994200706482,39,2.9,2.6,14.3,0.0,0.0,0.0,1.7,0.0,0.0
BB11003,0.13685910375454177,51.00083804130554,39,2.9,2.6,14.3,0.0,0.0,0.0,1.7,0.0,0.0
BB11004,0.20708312838170193,41.90369153022766,39,2.9,2.6,14.3,0.0,0.0,0.0,1.7,0.0,0.0
BB11010,0.014413712504869497,57.60713577270508,39,2.9,2.6,14.3,0.0,0.0,0.0,1.7,0.0,0.0
BB11009,0.231203007518797,10.677302360534668,39,2.9,2.6,14.3,0.0,0.0,0.0,1.7,0.0,0.0
BB11002,0.0823463056965595,15.668940305709839,39,2.9,2.6,14.3,0.0,0.0,0.0,1.7,0.0,0.0
